{
    "hFOV": 55.7,
    "focal_length": 0.005,
    "pixel_size": 3.45e-6,
    "rgb_QEs": [0.37465, 0.51765, 0.84225],
    "gain_params": {
        "defocus_gain": 0.8,
        "defocus_bias": 0.0,
        "vignet_gain": 0.483918,
        "aggregator_gain": 1.0e8,
        "expsr2dv_gains": [1.0, 1.0, 1.0],
        "expsr2dv_biases": [0.033242, 0.049619, 0.096618],
        "expsr2dv_gamma": 0.0,
        "expsr2dv_crf_type": "linear",
        "max_CoC": 21
    },
    "noise_params": {
        "dark_currents": [0.000128028, 0.000277814, 0.000558713],
        "noise_gains": [0.001825120, 0.002152930, 0.003189840],
        "STD_reads":   [2.36696e-05, 3.71926e-05, 7.36463e-05],
        "FPN_rng_seed": 1234
    },
    "distort_params": [-0.141590, 0.162831, -0.108763]
}